SAISON,ANNEE,CHAMPIONNAT,ADVERSAIRE,PTS,RBD,AST,STL,BLK,P,PA,3P,3PA,1P,1PA,TO,EFF,MIN
2122,2022,CDFx,Bourges,30,1,7,2,0,6,8,4,5,4,6,3,33,35
2122,2022,CDFx,BLMA,32,1,3,2,0,8,13,4,8,8,11,2,26,39
2122,2022,CDFx,Mondeville,27,3,4,5,0,10,19,1,3,6,8,9,19,34
2223,2022,LFB,Landerneau,13,0,2,0,0,4,11,2,7,3,4,2,5,23
2223,2022,LFB,Lattes,5,1,2,3,0,2,6,0,3,1,2,4,2,21
2223,2022,LFB,ASVEL,12,1,2,1,0,5,10,0,2,2,3,3,7,22
2223,2022,LFB,Basket Landes,10,0,2,0,0,4,9,0,2,2,3,2,4,22
2223,2023,LFB,Toulouse,13,2,4,0,0,4,6,1,2,4,4,1,16,27
2223,2023,LFB,Roche Vendée,14,3,3,1,0,4,12,3,6,3,5,1,10,28
2223,2023,LFB,ESBVA,8,3,2,1,0,4,13,0,4,0,0,1,4,36
2223,2023,LFB,Landerneau,17,1,3,1,0,5,8,2,4,5,6,4,14,23
2223,2023,CDF,ASVEL,17,2,1,1,0,7,11,2,3,1,2,1,15,28
2223,2023,LFB,Lattes,12,1,3,0,0,4,6,2,4,2,2,6,8,32
2223,2023,LFB,Bourges,14,5,0,1,0,4,8,1,4,5,6,4,11,39
2223,2023,LFB,St Amand,14,3,8,0,0,2,5,1,1,9,12,0,19,35
2223,2023,LFB,ASVEL,9,2,4,1,0,3,10,0,3,3,4,3,5,33
2223,2023,LFB,Basket Landes,26,2,4,0,0,6,10,2,3,12,12,2,26,41
2223,2023,LFB,Angers,13,0,4,1,0,4,8,1,2,4,5,3,10,30
2223,2023,LFB,Toulouse,5,1,1,1,0,1,6,0,2,3,4,3,-1,27
2223,2023,LFB,Charleville,15,2,2,0,0,5,9,1,4,4,5,3,11,22
2223,2023,LFB,Roche Vendée,22,2,2,1,0,6,14,2,5,8,8,2,17,38
2223,2023,LFB,ESBVA,18,3,2,2,0,5,8,3,5,5,6,5,16,29
2223,2023,EURO U20,FINLANDE,14,2,6,0,0,5,13,1,4,3,3,3,11,19
2223,2023,EURO U20,LITUANIE,19,3,3,1,0,6,9,2,4,5,7,2,19,19
2223,2023,EURO U20,HONGRIE,18,5,4,2,0,6,14,3,6,3,3,1,20,23
2223,2023,EURO U20 PO,TCHEQUIE,23,4,4,3,0,6,8,3,4,8,9,1,30,18
2223,2023,EURO U20 PO,ITALIE,28,4,6,1,0,10,17,3,5,5,7,5,25,31
2223,2023,EURO U20 PO,ESPAGNE,7,4,3,1,0,2,9,1,4,2,4,4,2,24
2223,2023,EURO U20 PO,LETTONIE,20,3,4,0,0,5,15,3,6,7,9,1,14,26
2324,2023,LFB,ESBVA,10,2,6,1,0,4,10,1,3,1,1,8,5,40
2324,2023,LFB,Charnay,16,3,3,1,0,3,14,1,5,9,11,4,6,40
2324,2023,LFB,St Amand,15,2,13,0,0,4,11,0,2,7,7,2,21,37
2324,2023,LFB,ASVEL,24,3,6,1,0,9,16,2,5,4,4,5,22,40
2324,2023,LFB,Basket Landes,11,2,4,3,0,3,13,0,4,5,5,2,8,40
2324,2023,CDF,Toulouse,19,0,3,1,,5,8,2,4,7,7,1,19,28
2324,2023,LFB,Landerneau,11,2,4,0,0,4,11,0,6,3,5,4,4,39
2324,2023,LFB,Roche Vendée,10,2,3,1,0,2,10,0,2,6,7,4,3,36
2324,2023,LFB,Angers,22,2,4,2,0,8,19,2,7,4,4,9,10,40
2324,2024,LFB,ESBVA,15,2,7,3,0,4,11,1,4,6,8,4,14,37
2324,2024,LFB,Charnay,20,1,7,2,0,7,16,2,6,4,5,2,18,40
2324,2024,CDF,Lattes,17,2,2,1,,3,10,1,4,10,12,3,9,34
2324,2024,LFB,St Amand,19,2,11,3,1,5,12,1,4,8,8,6,23,38
2324,2024,LFB,ASVEL,25,2,5,1,0,11,20,2,5,1,1,3,21,38
2324,2024,LFB,Basket Landes,6,3,6,1,0,1,4,0,1,4,4,4,9,31
2324,2024,LFB,Landerneau,13,5,3,0,0,4,9,0,2,5,7,4,10,37
2324,2024,LFB,Charleville,18,2,7,1,0,4,16,0,6,10,11,3,12,38
2324,2024,CDF,Basket Landes,21,2,7,0,1,7,14,0,1,7,9,4,18,45
2324,2024,LFB,Roche Vendée,18,4,6,2,0,5,14,1,3,7,7,3,18,33
2324,2024,LFB,Lattes,18,5,4,2,0,5,11,2,5,6,8,5,16,35
2324,2024,LFB,Bourges,18,2,0,0,0,6,14,0,2,6,9,5,4,32
2324,2024,LFB,Angers,12,2,6,0,0,5,14,0,4,2,2,2,9,30
2324,2024,LFB PO,Bourges,21,3,6,4,0,5,11,1,4,10,11,2,25,37
2324,2024,LFB PO,Bourges,26,1,5,1,2,9,10,3,3,5,7,5,27,38
2324,2024,LFB PO,Basket Landes,17,3,9,3,0,5,10,1,3,6,8,1,24,40
2324,2024,LFB PO,Basket Landes,17,3,1,1,0,4,10,1,5,8,9,6,9,32
2425,2024,LFB,Landerneau,28,1,9,3,0,8,12,2,5,10,12,7,28,40
2425,2024,LFB,ASVEL,13,3,4,1,0,5,16,0,3,3,4,3,6,30
2425,2024,ELWn,Fenerbahce,14,3,6,0,0,4,12,0,4,6,6,3,12,34
2425,2024,LFB,Angers,26,3,5,0,0,7,12,1,2,11,12,6,22,38
2425,2024,ELWn,Polkowice,8,0,4,1,0,2,8,1,3,3,5,1,4,21
2425,2024,LFB,Charleville,9,1,4,1,0,3,7,1,3,2,3,3,7,17
2425,2024,LFB,Charnay,15,2,4,2,1,3,7,2,3,6,9,1,15,28
2425,2024,ELWn,Polkowice,24,2,4,1,0,8,13,3,5,5,8,1,22,30
2425,2024,LFB,Roche Vendée,11,0,6,1,0,4,12,2,7,1,1,3,7,29
2425,2024,ELWn,Saragosse,12,1,1,1,0,4,8,1,3,3,6,7,1,24
2425,2024,LFB,Tarbes,12,0,6,1,0,4,9,2,2,2,3,4,8,31
2425,2024,LFB,Basket Landes,20,1,7,1,0,7,11,0,0,6,7,2,22,31
2425,2024,ERC PO,Constanta,11,0,6,2,1,4,7,1,3,2,4,3,12,29
2425,2024,LFB,Chartres,15,1,6,3,0,4,10,3,5,4,8,4,11,34
2425,2024,ERC PO,Constanta,20,5,5,4,0,9,17,0,3,2,2,3,24,33
2425,2024,LFB,Lattes,20,1,7,1,1,5,13,2,6,4,6,2,12,38
2425,2024,LFB,Landerneau,20,1,7,1,0,7,13,3,4,1,2,3,16,29
2425,2024,ERC PO,Real Madrid,8,4,1,1,0,2,7,2,3,2,3,2,6,23
2425,2024,LFB,ASVEL,20,1,7,0,0,6,11,1,2,4,4,2,21,35
2425,2024,ERC PO,Real Madrid,28,3,4,1,0,9,18,2,7,8,10,3,22,51
2425,2024,CDFn,Bourges,2,1,4,1,0,0,4,0,2,2,2,5,-2,23
2425,2024,LFB,Angers,17,2,4,1,0,7,15,1,3,2,2,6,12,35
2425,2024,LFB,Charleville,15,3,7,3,0,5,14,0,2,5,8,3,11,32
2425,2025,LFB,Bourges,20,4,5,4,0,7,19,1,4,5,6,3,17,36
2425,2025,ERC PO,Besiktas JK,28,3,8,1,0,9,13,0,1,10,12,0,34,32
2425,2025,LFB,Charnay,21,2,3,1,0,7,14,2,5,5,7,3,15,31
2425,2025,ERC PO,Besiktas JK,9,2,3,2,0,2,7,2,2,3,4,3,7,29
2425,2025,ERC PO,Sopron Basket,16,3,6,0,1,6,8,0,1,4,6,5,17,32
2425,2025,LFB,Roche Vendée,11,5,10,3,0,3,15,1,5,4,4,5,12,37
2425,2025,ERC PO,Sopron Basket,15,1,4,0,0,5,12,3,5,2,2,0,13,29
2425,2025,LFB,Tarbes,17,2,1,1,0,6,14,1,4,4,4,3,10,35
2425,2025,LFB,Basket Landes,11,2,3,2,0,4,11,1,2,2,2,0,9,30
2425,2025,ERC PO,BAXI Ferrol,25,3,5,0,0,9,11,1,2,6,7,3,27,36
2425,2025,LFB,Lattes,17,7,6,1,0,3,10,2,5,9,13,3,17,36
2526,2025,WNBA,Dallas,15,2,5,0,0,6,8,0,1,3,5,3,15,22
2526,2025,WNBA,Indiana,7,2,1,1,0,3,7,0,0,1,2,2,4,21
2526,2025,WNBA,Washington,19,0,6,0,0,5,5,1,1,8,9,1,23,19
2526,2025,WNBA,Phoenix,15,1,3,4,0,5,12,2,3,3,4,1,14,32
2526,2025,WNBA,Chicago,7,1,1,1,0,1,3,0,1,5,5,1,7,19
2526,2025,WNBA,Las Vegas,11,3,2,2,0,4,12,0,4,3,3,4,6,24
2526,2025,WNBA,Las Vegas,14,2,3,1,0,5,15,0,2,4,4,1,9,33
2526,2025,WNBA,Chicago,11,1,1,1,0,4,11,1,5,2,2,1,7,22
2526,2025,WNBA,Washington,4,2,1,0,0,1,4,1,3,1,2,2,1,14
2526,2025,WNBA,Atlanta,12,4,2,0,0,4,6,2,2,2,2,3,13,18
2526,2025,WNBA,Connecticut,5,1,1,1,0,1,4,0,3,3,5,0,3,20
2526,2025,WNBA,Dallas,14,2,3,1,0,4,6,0,1,6,6,3,15,17
2526,2025,WNBA,Indiana,8,1,4,1,0,4,7,0,1,0,0,2,9,20
2526,2025,WNBA,Dallas,8,2,4,1,0,2,6,0,1,4,4,3,9,27
2526,2025,WNBA,Seattle,14,0,3,1,0,6,10,0,2,2,2,4,10,32
2526,2025,WNBA,Los Angeles,15,5,3,1,0,6,16,0,7,3,3,1,13,26
2526,2025,WNBA,Los Angeles,19,2,3,1,0,7,10,2,2,3,4,1,20,23
2526,2025,WNBA,Washington,10,2,3,0,0,2,7,1,6,5,6,0,9,21
2526,2025,LIGA,Leganes,7,1,2,0,0,2,7,1,3,2,2,0,7,22
2526,2025,ELW,Venize,10,1,5,1,0,2,8,0,1,6,7,2,8,25
2526,2025,ELW,Mersin,22,2,4,0,0,6,10,1,2,9,9,2,22,32
2526,2025,LIGA,Baxi Ferrol,1,3,2,2,0,0,3,0,1,1,2,2,3,25
2526,2025,ELW,Basket Landes,14,1,4,2,0,6,8,0,1,2,2,3,16,24
2526,2025,LIGA,Girona,12,4,1,3,0,4,9,0,3,4,5,1,14,25
2526,2025,ELW,Venize,2,1,3,1,0,0,5,0,2,2,2,3,-1,22
2526,2025,LIGA,Badalona,15,0,0,0,0,4,8,0,3,7,7,1,13,20
2526,2025,LIGA,Estepona,13,1,2,1,0,6,11,1,3,0,0,1,9,24
2526,2025,LIGA,Movistar,9,2,1,0,0,4,7,0,1,1,1,3,7,23
2526,2025,LIGA,Cadi La Seu,22,5,0,1,0,9,14,2,3,2,4,4,16,25
2526,2025,LIGA,Avenida,14,1,1,1,0,6,12,2,4,0,0,0,8,24
2526,2025,ELW,Valence,23,5,3,0,0,9,14,2,3,3,4,1,24,28
2526,2025,LIGA,Valence,10,3,3,1,0,3,7,0,1,4,4,2,12,21
2526,2026,LIGA,Gran Canaria,10,1,3,1,0,2,8,0,0,6,6,1,12,23
2526,2026,LIGA,Jairis,7,4,2,0,0,2,5,0,2,3,4,0,11,20
2526,2025,ELW,Fenerbahce,12,4,4,1,0,5,9,0,3,2,2,3,14,20
2526,2026,LIGA,Valence,21,3,4,0,0,7,11,1,5,6,7,7,18,30
2526,2025,ELW,Diósgyőri ,7,1,1,0,0,2,7,0,3,0,0,1,1,20
2526,2026,LIGA,Ensino,17,0,4,0,0,5,13,0,3,7,8,1,15,26
2526,2025,ELW,Prague,13,1,1,0,0,1,3,1,2,10,11,3,9,22
2526,2026,LIGA,Badalona,20,2,2,1,0,6,9,1,1,7,8,0,26,25
2526,2026,LIGA,Gran Canaria,12,9,2,0,0,4,9,0,4,4,4,1,17,24
2526,2025,ELW PO,Galatasaray,12,2,4,0,0,3,11,2,5,4,8,1,5,23
2526,2025,ELW PO,Girone,20,3,6,2,0,6,15,2,5,6,7,1,20,27
2627,2026,WNBA,Chicago,18,3,3,0,0,3,11,1,5,11,12,1,14,29
2627,2026,WNBA,New York,21,4,6,1,0,8,14,0,1,5,5,2,24,26
2627,2026,WNBA,Toronto,15,3,9,0,0,4,11,0,0,7,7,4,16,22
2627,2026,WNBA,New York,18,0,2,1,0,8,14,1,2,1,2,4,10,22
2627,2026,WNBA,Connecticut,20,0,3,1,0,4,10,2,3,10,10,4,14,23
2627,2026,WNBA,Atlanta,11,1,4,0,0,3,4,1,1,4,4,4,11,24
2627,2026,WNBA,Indiana,18,1,12,0,0,6,12,0,2,6,6,4,21,27
2627,2026,WNBA,Golden State,10,1,7,0,0,2,6,0,0,6,6,4,10,24
2627,2026,WNBA,Phoenix,7,2,4,1,0,2,6,1,2,2,3,3,6,24
2627,2026,WNBA,Los Angeles,10,4,4,0,1,4,13,0,2,2,6,4,2,25
2627,2026,WNBA,Las Vegas,18,3,8,1,0,8,13,1,2,1,2,0,24,28
2627,2026,WNBA,Dallas,10,5,8,0,0,4,11,2,3,0,0,4,12,27
2627,2026,WNBA,Seattle,20,4,10,1,0,5,11,1,2,9,10,1,27,29
2627,2026,WNBA,Chicago,10,1,6,0,0,1,8,1,1,7,8,1,8,28
2627,2026,WNBA,Chicago,18,1,4,1,0,4,10,1,4,9,10,4,13,23
2627,2026,WNBA,Washington,32,6,9,3,0,12,26,3,6,5,6,6,29,48
2627,2026,WNBA,Seattle,20,3,4,0,0,4,8,0,0,12,12,4,19,22
2627,2026,WNBA,Las Vegas,13,3,5,0,0,2,6,0,1,9,11,5,10,21
2627,2026,WNBA,Atlanta,13,3,10,0,0,2,7,1,3,8,9,6,14,26
2627,2026,WNBA,Connecticut,18,1,6,0,0,6,11,0,0,6,6,6,14,33
2627,2026,WNBA,Washington,14,1,5,1,0,5,12,0,4,4,4,0,14,23
2627,2026,WNBA,Minnesota,21,4,7,2,0,9,17,1,5,2,3,3,22,31
2627,2026,WNBA,Dallas,12,3,11,1,0,3,8,1,3,5,6,3,18,31
2627,2026,WNBA,Las Vegas,11,0,3,0,0,4,10,1,3,2,2,0,8,22
2627,2026,WNBA,Indiana,20,2,12,0,0,6,9,0,0,8,9,7,23,31
2627,2026,WNBA,Los Angeles,21,1,8,1,0,7,15,2,2,5,5,4,19,27
2627,2026,WNBA,Toronto,27,4,11,0,0,5,12,2,5,15,17,4,29,30
2627,2026,WNBA,Seattle,14,3,6,1,1,5,7,2,3,2,4,5,16,27
2627,2026,WNBA,Phoenix,23,1,5,2,0,9,15,1,2,4,8,4,17,28
2627,2026,WNBA,Toronto,7,0,6,0,0,2,7,0,3,3,4,1,6,32
2627,2026,WNBA,Washington,27,2,11,2,0,8,20,2,5,9,9,1,29,30
2627,2026,WNBA,Dallas,10,0,7,0,0,4,9,1,3,1,1,3,9,27
2627,2026,WNBA,Atlanta,26,3,6,2,0,9,13,4,4,4,4,5,28,29
2627,2026,CDM,Nigeria,0,1,4,1,0,0,2,0,1,0,0,0,2,21
2627,2026,WNBA,Golden State,12,2,6,1,0,3,8,1,3,5,7,3,11,27
2627,2026,WNBA,Los Angeles,23,3,5,0,0,7,10,1,2,8,12,4,20,26
2627,2026,WNBA,Golden State,18,3,6,0,0,4,12,1,2,9,10,2,16,29
